{
  "n_skills_compared": 25,
  "n_skills_errored": 0,
  "f1_paths_read": {
    "mean": 0.38925605095826193,
    "median": 0.21008130081300813
  },
  "f1_paths_written": {
    "mean": 0.39346773552604164,
    "median": 0.22222222222222224
  },
  "f1_hosts": {
    "mean": 0.3624338624338625,
    "median": 0.38888888888888884
  }
}