{
  "n_skills_compared": 29,
  "n_skills_errored": 1,
  "f1_paths_read": {
    "mean": 0.3680306289784522,
    "median": 0.1164963503649635
  },
  "f1_paths_written": {
    "mean": 0.37510080164453125,
    "median": 0.22649572649572652
  },
  "f1_hosts": {
    "mean": 0.47465312465312465,
    "median": 0.5
  }
}