{
  "n_skills_compared": 26,
  "n_skills_errored": 0,
  "f1_paths_read": {
    "mean": 0.3673309259383545,
    "median": 0.16
  },
  "f1_paths_written": {
    "mean": 0.39346773552604164,
    "median": 0.22222222222222224
  },
  "f1_hosts": {
    "mean": 0.43084415584415586,
    "median": 0.45
  }
}